{"train/loss": 3.681648762226105, "learning_rate": 9.648882429441257e-05, "momentum": 0.9, "_timestamp": 1680072813, "_runtime": 4961, "_step": 16274, "val/eval_iter_num": 36, "val/bag_accuracy_0": 77.60605064123644, "val/bag_accuracy_1": 73.42979283130549, "val/bag_accuracy_2": 93.71917132522196, "val/bag_accuracy_3": 80.36829990134824, "val/bag_accuracy_4": 95.65932259125289, "val/bag_accuracy_5": 97.43505425846762, "val/bag_accuracy_6": 96.44853666557054, "val/bag_accuracy_7": 68.82604406445249, "val/bag_accuracy_8": 83.55804011838211, "val/bag_accuracy_9": 78.4939164748438, "val/bag_accuracy_10": 98.29003617231173, "val/bag_accuracy_11": 89.83886879316015, "val/bag_accuracy_12": 96.90891154225584, "val/bag_accuracy_13": 78.09930943768497, "val/mean_bag_accuracy": 86.33438248696389, "val/bag_auc_0": 0.7271414479878389, "val/bag_auc_1": 0.7371975498042416, "val/bag_auc_2": 0.6720180031229906, "val/bag_auc_3": 0.8207057483478135, "val/bag_auc_4": 0.6302176109670095, "val/bag_auc_5": 0.6769083655685074, "val/bag_auc_6": 0.6686586859617885, "val/bag_auc_7": 0.6625817456083621, "val/bag_auc_8": 0.7872188334675487, "val/bag_auc_9": 0.860494264931125, "val/bag_auc_10": 0.7275973441078828, "val/bag_auc_11": 0.6665245182352746, "val/bag_auc_12": 0.7210578373968478, "val/bag_auc_13": 0.8359875855634573}