{"train/loss": 4.830821442604065, "learning_rate": 2.7409677419354842e-06, "momentum": 0.9, "_timestamp": 1680058151.767248, "_runtime": 1241.4768059253693, "_step": 1800, "_wandb": {"runtime": 1326}}