{"train/loss": 6.7222089767456055, "learning_rate": 5.287457987875977e-06, "momentum": 0.9, "_timestamp": 1679927249, "_runtime": 3527, "_step": 1114}