{"train/loss": 8.477480916976928, "learning_rate": 1.1925806451612897e-06, "momentum": 0.9, "_timestamp": 1680059615.306484, "_runtime": 145.06918907165527, "_step": 200}