{"train/loss": 4.1598573136329655, "learning_rate": 2.7419120613150462e-05, "momentum": 0.9, "_timestamp": 1680780163, "_runtime": 589, "_step": 2400, "_wandb": {"runtime": 656}}