{"train/loss": 5.205766201019287, "learning_rate": 9.210429086777313e-06, "momentum": 0.9, "_timestamp": 1679917746, "_runtime": 9842, "_step": 2160, "_wandb": {"runtime": 10180}}