{"train/loss": 4.138480286598206, "learning_rate": 9.755282581475769e-06, "momentum": 0.9, "_timestamp": 1680066487.0011163, "_runtime": 6643.932878255844, "_step": 9600, "val/eval_iter_num": 27, "val/bag_accuracy_0": 77.67181848076291, "val/bag_accuracy_1": 73.42979283130549, "val/bag_accuracy_2": 93.71917132522196, "val/bag_accuracy_3": 78.32949687602763, "val/bag_accuracy_4": 95.65932259125289, "val/bag_accuracy_5": 97.43505425846762, "val/bag_accuracy_6": 96.44853666557054, "val/bag_accuracy_7": 67.97106215060835, "val/bag_accuracy_8": 82.37421900690562, "val/bag_accuracy_9": 67.60933903321276, "val/bag_accuracy_10": 98.29003617231173, "val/bag_accuracy_11": 89.83886879316015, "val/bag_accuracy_12": 96.90891154225584, "val/bag_accuracy_13": 71.45675764551135, "val/mean_bag_accuracy": 84.79588481232679}